{
    "vehicle.bh.crossbike": {
        "location": [
            0.0003124999930150807,
            335.7765808105469,
            0.639636754989624
        ],
        "extent": [
            0.7436444163322449,
            0.0,
            0.6382337212562561
        ],
        "num_wheel": 2,
        "class": "bicycle"
    },
    "vehicle.diamondback.century": {
        "location": [
            0.0,
            335.7958068847656,
            0.7614214420318604
        ],
        "extent": [
            0.8214218020439148,
            0.0,
            0.7479813694953918
        ],
        "num_wheel": 2,
        "class": "bicycle"
    },
    "vehicle.gazelle.omafiets": {
        "location": [
            -0.015625,
            335.858154296875,
            0.7530229687690735
        ],
        "extent": [
            0.9177202582359314,
            0.0,
            0.735687255859375
        ],
        "num_wheel": 2,
        "class": "bicycle"
    },
    "vehicle.volkswagen.t2": {
        "location": [
            0.0013281246647238731,
            -0.0005468761664815247,
            1.0144715309143066
        ],
        "extent": [
            2.2402184009552,
            1.034657597541809,
            1.0188959836959839
        ],
        "num_wheel": 4,
        "class": "bus"
    },
    "vehicle.audi.a2": {
        "location": [
            2.98023217215615e-10,
            0.00035156248486600816,
            0.7818071842193604
        ],
        "extent": [
            1.852684736251831,
            0.8943392634391785,
            0.7745251059532166
        ],
        "num_wheel": 4,
        "class": "car"
    },
    "vehicle.audi.tt": {
        "location": [
            -0.0003710937453433871,
            2.98023217215615e-10,
            0.6926480531692505
        ],
        "extent": [
            2.0906050205230713,
            0.9970585703849792,
            0.6926480531692505
        ],
        "num_wheel": 4,
        "class": "car"
    },
    "vehicle.micro.microlino": {
        "location": [
            -6.519258050063925e-11,
            -7.812499825377017e-05,
            0.6771554350852966
        ],
        "extent": [
            1.1036475896835327,
            0.7404598593711853,
            0.6880123615264893
        ],
        "num_wheel": 4,
        "class": "car"
    },
    "vehicle.bmw.grandtourer": {
        "location": [
            -4.4703482582342247e-10,
            -0.0005468750023283064,
            0.7651039958000183
        ],
        "extent": [
            2.3055028915405273,
            1.1208566427230835,
            0.8336379528045654
        ],
        "num_wheel": 4,
        "class": "car"
    },
    "vehicle.dodge.charger_police": {
        "location": [
            0.02363281138241291,
            0.0005859184311702847,
            0.7926706671714783
        ],
        "extent": [
            2.487122058868408,
            1.0192005634307861,
            0.7710590958595276
        ],
        "num_wheel": 4,
        "class": "car"
    },
    "vehicle.mini.cooper_s": {
        "location": [
            -6.519258050063925e-11,
            -7.812499825377017e-05,
            0.693010151386261
        ],
        "extent": [
            1.9029000997543335,
            0.985137939453125,
            0.7375151515007019
        ],
        "num_wheel": 4,
        "class": "car"
    },
    "vehicle.nissan.micra": {
        "location": [
            8.19563861220729e-10,
            0.0009765625,
            0.7812460660934448
        ],
        "extent": [
            1.8166879415512085,
            0.9225568771362305,
            0.7506412863731384
        ],
        "num_wheel": 4,
        "class": "car"
    },
    "vehicle.mercedes.coupe_2020": {
        "location": [
            -0.0025976565666496754,
            2.086162576020456e-09,
            0.7203620076179504
        ],
        "extent": [
            2.3368194103240967,
            1.0011461973190308,
            0.7209736704826355
        ],
        "num_wheel": 4,
        "class": "car"
    },
    "vehicle.dodge.charger_police_2020": {
        "location": [
            0.10949219763278961,
            -8.583068478174027e-08,
            0.8174071311950684
        ],
        "extent": [
            2.6187572479248047,
            1.0485419034957886,
            0.819191575050354
        ],
        "num_wheel": 4,
        "class": "car"
    },
    "vehicle.mini.cooper_s_2021": {
        "location": [
            -0.03125,
            2.6226043559063328e-08,
            0.8910346627235413
        ],
        "extent": [
            2.2763495445251465,
            1.0485360622406006,
            0.8835831880569458
        ],
        "num_wheel": 4,
        "class": "car"
    },
    "vehicle.lincoln.mkz_2020": {
        "location": [
            -0.006289063021540642,
            5.364417798858767e-09,
            0.7437804937362671
        ],
        "extent": [
            2.44619083404541,
            1.115301489830017,
            0.7400735020637512
        ],
        "num_wheel": 4,
        "class": "car"
    },
    "vehicle.lincoln.mkz_2017": {
        "location": [
            0.004042969085276127,
            -3.5762786065873797e-09,
            0.7188605070114136
        ],
        "extent": [
            2.4508416652679443,
            1.0641621351242065,
            0.7553732395172119
        ],
        "num_wheel": 4,
        "class": "car"
    },
    "vehicle.mercedes.coupe": {
        "location": [
            -5.9604643443123e-10,
            -0.0007812500698491931,
            0.6667942404747009
        ],
        "extent": [
            2.5133883953094482,
            1.0757731199264526,
            0.8253258466720581
        ],
        "num_wheel": 4,
        "class": "car"
    },
    "vehicle.seat.leon": {
        "location": [
            -0.00015625118976458907,
            -0.0015624999068677425,
            0.7396332621574402
        ],
        "extent": [
            2.0964150428771973,
            0.9080929160118103,
            0.7369155883789062
        ],
        "num_wheel": 4,
        "class": "car"
    },
    "vehicle.citroen.c3": {
        "location": [
            1.7881393032936899e-09,
            0.0023828125558793545,
            0.7619171738624573
        ],
        "extent": [
            1.9938424825668335,
            0.9254241585731506,
            0.8085547685623169
        ],
        "num_wheel": 4,
        "class": "car"
    },
    "vehicle.tesla.model3": {
        "location": [
            0.029218750074505806,
            -2.384185648907078e-08,
            0.7355305552482605
        ],
        "extent": [
            2.3958897590637207,
            1.081725001335144,
            0.744159996509552
        ],
        "num_wheel": 4,
        "class": "car"
    },
    "vehicle.dodge.charger_2020": {
        "location": [
            -0.006230469327419996,
            4.76837147544984e-09,
            0.7655780911445618
        ],
        "extent": [
            2.5030298233032227,
            1.0485419034957886,
            0.7673624753952026
        ],
        "num_wheel": 4,
        "class": "car"
    },
    "vehicle.toyota.prius": {
        "location": [
            0.0019921872299164534,
            -0.00039062663563527167,
            0.724169135093689
        ],
        "extent": [
            2.256761312484741,
            1.0034072399139404,
            0.7624167203903198
        ],
        "num_wheel": 4,
        "class": "car"
    },
    "vehicle.kawasaki.ninja": {
        "location": [
            -0.019609374925494194,
            335.7295227050781,
            0.6123505234718323
        ],
        "extent": [
            1.0166761875152588,
            0.0,
            0.5996373891830444
        ],
        "num_wheel": 2,
        "class": "motorcycle"
    },